trait,support,target_member,target_member_rate,non_target_rate
sum=25,10,0255,0.7,0.30000000000000004
first2=09,6,0255,0.6666666666666666,0.33333333333333337
spread=2,10,0255,0.6,0.4
parity_pattern=OOEO,19,0255,0.5789473684210527,0.42105263157894735
even=0,16,0255,0.5625,0.4375
odd=4,16,0255,0.5625,0.4375
parity_pattern=OOOO,16,0255,0.5625,0.4375
