pair,trait,support,preferred_support_met,winner_member,loser_member,winner_rate,loser_rate,pair_gap,stream_count,month_count,rate_0025,rate_0225,left_count,right_count,rate_0255
0025_vs_0225,spread_bucket=spread_3_4,41,1,0025,0225,0.6341463414634146,0.36585365853658536,0.2682926829268293,27,26,0.6341463414634146,0.36585365853658536,26,15,
0025_vs_0255,cnt8=1,63,1,0025,0255,0.6507936507936508,0.3492063492063492,0.3015873015873016,45,34,0.6507936507936508,,41,22,0.3492063492063492
0025_vs_0255,has8=1,75,1,0025,0255,0.64,0.36,0.28,49,35,0.64,,48,27,0.36
