trait,support,target_member,target_member_rate,non_target_rate
first2=85,6,0025,0.6666666666666666,0.33333333333333337
last2=17,7,0025,0.5714285714285714,0.4285714285714286
last2=71,7,0025,0.5714285714285714,0.4285714285714286
sum=21,16,0025,0.5625,0.4375
even=4,18,0025,0.5555555555555556,0.4444444444444444
odd=0,18,0025,0.5555555555555556,0.4444444444444444
parity_pattern=EEEE,18,0025,0.5555555555555556,0.4444444444444444
cnt7=2,18,0025,0.5555555555555556,0.4444444444444444
sum=20,20,0025,0.55,0.44999999999999996
